{
  "additionalProperties": false,
  "properties": {
    "after_connect_statements": {
      "type": [
        "null",
        "string"
      ]
    },
    "certificate": {
      "type": [
        "null",
        "string"
      ]
    },
    "created_at": {
      "type": [
        "null",
        "string"
      ]
    },
    "database": {
      "type": [
        "null",
        "string"
      ]
    },
    "db_timezone": {
      "type": [
        "null",
        "string"
      ]
    },
    "dialect": {
      "additionalProperties": false,
      "properties": {
        "automatically_run_sql_runner_snippets": {
          "type": [
            "null",
            "boolean"
          ]
        },
        "connection_tests": {
          "items": {
            "type": [
              "null",
              "string"
            ]
          },
          "type": [
            "null",
            "array"
          ]
        },
        "label": {
          "type": [
            "null",
            "string"
          ]
        },
        "name": {
          "type": [
            "null",
            "string"
          ]
        },
        "persistent_table_distkey": {
          "type": [
            "null",
            "string"
          ]
        },
        "persistent_table_indexes": {
          "type": [
            "null",
            "string"
          ]
        },
        "persistent_table_sortkeys": {
          "type": [
            "null",
            "string"
          ]
        },
        "supports_cost_estimate": {
          "type": [
            "null",
            "boolean"
          ]
        },
        "supports_inducer": {
          "type": [
            "null",
            "boolean"
          ]
        },
        "supports_streaming": {
          "type": [
            "null",
            "boolean"
          ]
        },
        "supports_upload_tables": {
          "type": [
            "null",
            "boolean"
          ]
        }
      },
      "type": [
        "null",
        "object"
      ]
    },
    "dialect_name": {
      "type": [
        "null",
        "string"
      ]
    },
    "example": {
      "type": [
        "null",
        "boolean"
      ]
    },
    "file_type": {
      "type": [
        "null",
        "string"
      ]
    },
    "host": {
      "type": [
        "null",
        "string"
      ]
    },
    "jdbc_additional_params": {
      "type": [
        "null",
        "string"
      ]
    },
    "last_reap_at": {
      "type": [
        "null",
        "integer"
      ]
    },
    "last_regen_at": {
      "type": [
        "null",
        "integer"
      ]
    },
    "maintenance_cron": {
      "type": [
        "null",
        "string"
      ]
    },
    "max_billing_gigabytes": {
      "multipleOf": 1e-08,
      "type": [
        "null",
        "number"
      ]
    },
    "max_connections": {
      "type": [
        "null",
        "integer"
      ]
    },
    "name": {
      "type": [
        "null",
        "string"
      ]
    },
    "password": {
      "type": [
        "null",
        "string"
      ]
    },
    "pdt_context_override": {
      "additionalProperties": false,
      "properties": {
        "after_connect_statements": {
          "type": [
            "null",
            "string"
          ]
        },
        "certificate": {
          "type": [
            "null",
            "string"
          ]
        },
        "context": {
          "type": [
            "null",
            "string"
          ]
        },
        "database": {
          "type": [
            "null",
            "string"
          ]
        },
        "file_type": {
          "type": [
            "null",
            "string"
          ]
        },
        "has_password": {
          "type": [
            "null",
            "boolean"
          ]
        },
        "host": {
          "type": [
            "null",
            "string"
          ]
        },
        "jdbc_additional_params": {
          "type": [
            "null",
            "string"
          ]
        },
        "password": {
          "type": [
            "null",
            "string"
          ]
        },
        "port": {
          "type": [
            "null",
            "string"
          ]
        },
        "schema": {
          "type": [
            "null",
            "string"
          ]
        },
        "username": {
          "type": [
            "null",
            "string"
          ]
        }
      },
      "type": [
        "null",
        "object"
      ]
    },
    "pool_timeout": {
      "type": [
        "null",
        "integer"
      ]
    },
    "port": {
      "type": [
        "null",
        "string"
      ]
    },
    "query_timezone": {
      "type": [
        "null",
        "string"
      ]
    },
    "schema": {
      "type": [
        "null",
        "string"
      ]
    },
    "snippets": {
      "items": {
        "additionalProperties": false,
        "properties": {
          "label": {
            "type": [
              "null",
              "string"
            ]
          },
          "name": {
            "type": [
              "null",
              "string"
            ]
          },
          "sql": {
            "type": [
              "null",
              "string"
            ]
          }
        },
        "type": [
          "null",
          "object"
        ]
      },
      "type": [
        "null",
        "array"
      ]
    },
    "sql_runner_precache_tables": {
      "type": [
        "null",
        "boolean"
      ]
    },
    "ssl": {
      "type": [
        "null",
        "boolean"
      ]
    },
    "tmp_db_name": {
      "type": [
        "null",
        "string"
      ]
    },
    "user_attribute_fields": {
      "items": {
        "type": [
          "null",
          "string"
        ]
      },
      "type": [
        "null",
        "array"
      ]
    },
    "user_db_credentials": {
      "type": [
        "null",
        "boolean"
      ]
    },
    "user_id": {
      "type": [
        "null",
        "string"
      ]
    },
    "username": {
      "type": [
        "null",
        "string"
      ]
    },
    "uses_oauth": {
      "type": [
        "null",
        "boolean"
      ]
    },
    "verify_ssl": {
      "type": [
        "null",
        "boolean"
      ]
    }
  },
  "type": [
    "null",
    "object"
  ]
}