{
  "additionalProperties": false,
  "properties": {
    "content_metadata_id": {
      "type": [
        "null",
        "string"
      ]
    },
    "group_id": {
      "type": [
        "null",
        "string"
      ]
    },
    "id": {
      "type": [
        "null",
        "string"
      ]
    },
    "permission_type": {
      "type": [
        "null",
        "string"
      ]
    },
    "user_id": {
      "type": [
        "null",
        "string"
      ]
    }
  },
  "type": [
    "null",
    "object"
  ]
}