{
  "additionalProperties": false,
  "properties": {
    "content_metadata_id": {
      "type": [
        "null",
        "string"
      ]
    },
    "dashboard": {
      "additionalProperties": false,
      "properties": {
        "content_favorite_id": {
          "type": [
            "null",
            "string"
          ]
        },
        "content_metadata_id": {
          "type": [
            "null",
            "string"
          ]
        },
        "description": {
          "type": [
            "null",
            "string"
          ]
        },
        "folder": {
          "additionalProperties": false,
          "properties": {
            "child_count": {
              "type": [
                "null",
                "integer"
              ]
            },
            "content_metadata_id": {
              "type": [
                "null",
                "string"
              ]
            },
            "creator_id": {
              "type": [
                "null",
                "string"
              ]
            },
            "external_id": {
              "type": [
                "null",
                "string"
              ]
            },
            "id": {
              "type": [
                "null",
                "string"
              ]
            },
            "is_embed": {
              "type": [
                "null",
                "boolean"
              ]
            },
            "is_embed_shared_root": {
              "type": [
                "null",
                "boolean"
              ]
            },
            "is_embed_users_root": {
              "type": [
                "null",
                "boolean"
              ]
            },
            "is_personal": {
              "type": [
                "null",
                "boolean"
              ]
            },
            "is_personal_descendant": {
              "type": [
                "null",
                "boolean"
              ]
            },
            "is_shared_root": {
              "type": [
                "null",
                "boolean"
              ]
            },
            "is_users_root": {
              "type": [
                "null",
                "boolean"
              ]
            },
            "name": {
              "type": [
                "null",
                "string"
              ]
            },
            "parent_id": {
              "type": [
                "null",
                "string"
              ]
            }
          },
          "type": [
            "null",
            "object"
          ]
        },
        "hidden": {
          "type": [
            "null",
            "boolean"
          ]
        },
        "id": {
          "type": [
            "null",
            "string"
          ]
        },
        "model": {
          "additionalProperties": false,
          "properties": {
            "id": {
              "type": [
                "null",
                "string"
              ]
            },
            "label": {
              "type": [
                "null",
                "string"
              ]
            }
          },
          "type": [
            "null",
            "object"
          ]
        },
        "query_timezone": {
          "type": [
            "null",
            "string"
          ]
        },
        "readonly": {
          "type": [
            "null",
            "boolean"
          ]
        },
        "refresh_interval": {
          "type": [
            "null",
            "string"
          ]
        },
        "refresh_interval_to_i": {
          "type": [
            "null",
            "integer"
          ]
        },
        "space": {
          "additionalProperties": false,
          "properties": {
            "child_count": {
              "type": [
                "null",
                "integer"
              ]
            },
            "content_metadata_id": {
              "type": [
                "null",
                "string"
              ]
            },
            "creator_id": {
              "type": [
                "null",
                "string"
              ]
            },
            "external_id": {
              "type": [
                "null",
                "string"
              ]
            },
            "id": {
              "type": [
                "null",
                "string"
              ]
            },
            "is_embed": {
              "type": [
                "null",
                "boolean"
              ]
            },
            "is_embed_shared_root": {
              "type": [
                "null",
                "boolean"
              ]
            },
            "is_embed_users_root": {
              "type": [
                "null",
                "boolean"
              ]
            },
            "is_personal": {
              "type": [
                "null",
                "boolean"
              ]
            },
            "is_personal_descendant": {
              "type": [
                "null",
                "boolean"
              ]
            },
            "is_shared_root": {
              "type": [
                "null",
                "boolean"
              ]
            },
            "is_users_root": {
              "type": [
                "null",
                "boolean"
              ]
            },
            "name": {
              "type": [
                "null",
                "string"
              ]
            },
            "parent_id": {
              "type": [
                "null",
                "string"
              ]
            }
          },
          "type": [
            "null",
            "object"
          ]
        },
        "title": {
          "type": [
            "null",
            "string"
          ]
        },
        "user_id": {
          "type": [
            "null",
            "string"
          ]
        }
      },
      "type": [
        "null",
        "object"
      ]
    },
    "dashboard_id": {
      "type": [
        "null",
        "string"
      ]
    },
    "id": {
      "type": [
        "null",
        "string"
      ]
    },
    "look": {
      "additionalProperties": false,
      "properties": {
        "content_metadata_id": {
          "type": [
            "null",
            "string"
          ]
        },
        "id": {
          "type": [
            "null",
            "string"
          ]
        },
        "title": {
          "type": [
            "null",
            "string"
          ]
        }
      },
      "type": [
        "null",
        "object"
      ]
    },
    "look_id": {
      "type": [
        "null",
        "string"
      ]
    },
    "user_id": {
      "type": [
        "null",
        "string"
      ]
    }
  },
  "type": [
    "null",
    "object"
  ]
}