{
  "additionalProperties": false,
  "properties": {
    "content_type": {
      "type": [
        "null",
        "string"
      ]
    },
    "dashboard_id": {
      "type": [
        "null",
        "string"
      ]
    },
    "folder_id": {
      "type": [
        "null",
        "string"
      ]
    },
    "id": {
      "type": [
        "null",
        "string"
      ]
    },
    "inheriting_id": {
      "type": [
        "null",
        "string"
      ]
    },
    "inherits": {
      "type": [
        "null",
        "boolean"
      ]
    },
    "look_id": {
      "type": [
        "null",
        "string"
      ]
    },
    "name": {
      "type": [
        "null",
        "string"
      ]
    },
    "parent_id": {
      "type": [
        "null",
        "string"
      ]
    },
    "slug": {
      "type": [
        "null",
        "string"
      ]
    },
    "space_id": {
      "type": [
        "null",
        "string"
      ]
    }
  },
  "type": [
    "null",
    "object"
  ]
}