{
  "additionalProperties": false,
  "properties": {
    "content_metadata_id": {
      "type": [
        "null",
        "string"
      ]
    },
    "dashboard_id": {
      "type": [
        "null",
        "string"
      ]
    },
    "favorite_count": {
      "type": [
        "null",
        "integer"
      ]
    },
    "group_id": {
      "type": [
        "null",
        "string"
      ]
    },
    "id": {
      "type": [
        "null",
        "string"
      ]
    },
    "last_viewed_at": {
      "type": [
        "null",
        "string"
      ]
    },
    "look_id": {
      "type": [
        "null",
        "string"
      ]
    },
    "start_of_week_date": {
      "type": [
        "null",
        "string"
      ]
    },
    "user_id": {
      "type": [
        "null",
        "string"
      ]
    },
    "view_count": {
      "type": [
        "null",
        "integer"
      ]
    }
  },
  "type": [
    "null",
    "object"
  ]
}