{
  "additionalProperties": false,
  "properties": {
    "allow_multiple_values": {
      "type": [
        "null",
        "boolean"
      ]
    },
    "dashboard_id": {
      "type": [
        "null",
        "string"
      ]
    },
    "default_value": {
      "type": [
        "null",
        "string"
      ]
    },
    "dimension": {
      "type": [
        "null",
        "string"
      ]
    },
    "explore": {
      "type": [
        "null",
        "string"
      ]
    },
    "field": {
      "additionalProperties": true,
      "type": [
        "null",
        "object"
      ]
    },
    "id": {
      "type": [
        "null",
        "string"
      ]
    },
    "listens_to_filters": {
      "items": {
        "type": [
          "null",
          "string"
        ]
      },
      "type": [
        "null",
        "array"
      ]
    },
    "model": {
      "type": [
        "null",
        "string"
      ]
    },
    "name": {
      "type": [
        "null",
        "string"
      ]
    },
    "required": {
      "type": [
        "null",
        "boolean"
      ]
    },
    "row": {
      "type": [
        "null",
        "integer"
      ]
    },
    "title": {
      "type": [
        "null",
        "string"
      ]
    },
    "type": {
      "type": [
        "null",
        "string"
      ]
    },
    "ui_config": {
      "additionalProperties": true,
      "type": [
        "null",
        "object"
      ]
    }
  },
  "type": [
    "null",
    "object"
  ]
}