{
  "additionalProperties": false,
  "properties": {
    "active": {
      "type": [
        "null",
        "boolean"
      ]
    },
    "column_width": {
      "type": [
        "null",
        "integer"
      ]
    },
    "dashboard_id": {
      "type": [
        "null",
        "string"
      ]
    },
    "dashboard_layout_components": {
      "items": {
        "additionalProperties": false,
        "properties": {
          "column": {
            "type": [
              "null",
              "integer"
            ]
          },
          "dashboard_element_id": {
            "type": [
              "null",
              "string"
            ]
          },
          "dashboard_layout_id": {
            "type": [
              "null",
              "string"
            ]
          },
          "deleted": {
            "type": [
              "null",
              "boolean"
            ]
          },
          "element_title": {
            "type": [
              "null",
              "string"
            ]
          },
          "element_title_hidden": {
            "type": [
              "null",
              "boolean"
            ]
          },
          "height": {
            "type": [
              "null",
              "integer"
            ]
          },
          "id": {
            "type": [
              "null",
              "string"
            ]
          },
          "row": {
            "type": [
              "null",
              "integer"
            ]
          },
          "vis_type": {
            "type": [
              "null",
              "string"
            ]
          },
          "width": {
            "type": [
              "null",
              "integer"
            ]
          }
        },
        "type": [
          "null",
          "object"
        ]
      },
      "type": [
        "null",
        "array"
      ]
    },
    "dashboard_title": {
      "type": [
        "null",
        "string"
      ]
    },
    "deleted": {
      "type": [
        "null",
        "boolean"
      ]
    },
    "id": {
      "type": [
        "null",
        "string"
      ]
    },
    "type": {
      "type": [
        "null",
        "string"
      ]
    },
    "width": {
      "type": [
        "null",
        "integer"
      ]
    }
  },
  "type": [
    "null",
    "object"
  ]
}