{
  "additionalProperties": false,
  "properties": {
    "alert_count": {
      "type": [
        "null",
        "integer"
      ]
    },
    "body_text": {
      "type": [
        "null",
        "string"
      ]
    },
    "body_text_as_html": {
      "type": [
        "null",
        "string"
      ]
    },
    "dashboard_id": {
      "type": [
        "null",
        "string"
      ]
    },
    "edit_uri": {
      "type": [
        "null",
        "string"
      ]
    },
    "id": {
      "type": [
        "null",
        "string"
      ]
    },
    "look": {
      "additionalProperties": false,
      "properties": {
        "content_favorite_id": {
          "type": [
            "null",
            "string"
          ]
        },
        "content_metadata_id": {
          "type": [
            "null",
            "string"
          ]
        },
        "created_at": {
          "format": "date-time",
          "type": [
            "null",
            "string"
          ]
        },
        "deleted": {
          "type": [
            "null",
            "boolean"
          ]
        },
        "deleted_at": {
          "format": "date-time",
          "type": [
            "null",
            "string"
          ]
        },
        "deleter_id": {
          "type": [
            "null",
            "string"
          ]
        },
        "description": {
          "type": [
            "null",
            "string"
          ]
        },
        "embed_url": {
          "type": [
            "null",
            "string"
          ]
        },
        "excel_file_url": {
          "type": [
            "null",
            "string"
          ]
        },
        "favorite_count": {
          "type": [
            "null",
            "integer"
          ]
        },
        "folder": {
          "additionalProperties": false,
          "properties": {
            "child_count": {
              "type": [
                "null",
                "integer"
              ]
            },
            "content_metadata_id": {
              "type": [
                "null",
                "string"
              ]
            },
            "creator_id": {
              "type": [
                "null",
                "string"
              ]
            },
            "external_id": {
              "type": [
                "null",
                "string"
              ]
            },
            "id": {
              "type": [
                "null",
                "string"
              ]
            },
            "is_embed": {
              "type": [
                "null",
                "boolean"
              ]
            },
            "is_embed_shared_root": {
              "type": [
                "null",
                "boolean"
              ]
            },
            "is_embed_users_root": {
              "type": [
                "null",
                "boolean"
              ]
            },
            "is_personal": {
              "type": [
                "null",
                "boolean"
              ]
            },
            "is_personal_descendant": {
              "type": [
                "null",
                "boolean"
              ]
            },
            "is_shared_root": {
              "type": [
                "null",
                "boolean"
              ]
            },
            "is_users_root": {
              "type": [
                "null",
                "boolean"
              ]
            },
            "name": {
              "type": [
                "null",
                "string"
              ]
            },
            "parent_id": {
              "type": [
                "null",
                "string"
              ]
            }
          },
          "type": [
            "null",
            "object"
          ]
        },
        "folder_id": {
          "type": [
            "null",
            "string"
          ]
        },
        "google_spreadsheet_formula": {
          "type": [
            "null",
            "string"
          ]
        },
        "id": {
          "type": [
            "null",
            "string"
          ]
        },
        "image_embed_url": {
          "type": [
            "null",
            "string"
          ]
        },
        "is_run_on_load": {
          "type": [
            "null",
            "boolean"
          ]
        },
        "last_accessed_at": {
          "format": "date-time",
          "type": [
            "null",
            "string"
          ]
        },
        "last_updater_id": {
          "type": [
            "null",
            "string"
          ]
        },
        "last_viewed_at": {
          "format": "date-time",
          "type": [
            "null",
            "string"
          ]
        },
        "model": {
          "additionalProperties": false,
          "properties": {
            "id": {
              "type": [
                "null",
                "string"
              ]
            },
            "label": {
              "type": [
                "null",
                "string"
              ]
            }
          },
          "type": [
            "null",
            "object"
          ]
        },
        "public": {
          "type": [
            "null",
            "boolean"
          ]
        },
        "public_slug": {
          "type": [
            "null",
            "string"
          ]
        },
        "public_url": {
          "type": [
            "null",
            "string"
          ]
        },
        "query": {
          "additionalProperties": false,
          "properties": {
            "client_id": {
              "type": [
                "null",
                "string"
              ]
            },
            "column_limit": {
              "type": [
                "null",
                "string"
              ]
            },
            "dynamic_fields": {
              "type": [
                "null",
                "string"
              ]
            },
            "expanded_share_url": {
              "type": [
                "null",
                "string"
              ]
            },
            "fields": {
              "items": {
                "type": [
                  "null",
                  "string"
                ]
              },
              "type": [
                "null",
                "array"
              ]
            },
            "fill_fields": {
              "items": {
                "type": [
                  "null",
                  "string"
                ]
              },
              "type": [
                "null",
                "array"
              ]
            },
            "filter_config": {
              "additionalProperties": true,
              "type": [
                "null",
                "object"
              ]
            },
            "filter_expression": {
              "type": [
                "null",
                "string"
              ]
            },
            "filters": {
              "additionalProperties": true,
              "type": [
                "null",
                "object"
              ]
            },
            "has_table_calculations": {
              "type": [
                "null",
                "boolean"
              ]
            },
            "id": {
              "type": [
                "null",
                "string"
              ]
            },
            "limit": {
              "type": [
                "null",
                "string"
              ]
            },
            "model": {
              "type": [
                "null",
                "string"
              ]
            },
            "pivots": {
              "items": {
                "type": [
                  "null",
                  "string"
                ]
              },
              "type": [
                "null",
                "array"
              ]
            },
            "query_timezone": {
              "type": [
                "null",
                "string"
              ]
            },
            "row_total": {
              "type": [
                "null",
                "string"
              ]
            },
            "runtime": {
              "type": [
                "null",
                "number"
              ]
            },
            "share_url": {
              "type": [
                "null",
                "string"
              ]
            },
            "slug": {
              "type": [
                "null",
                "string"
              ]
            },
            "sorts": {
              "items": {},
              "type": [
                "null",
                "array"
              ]
            },
            "subtotals": {
              "items": {
                "type": [
                  "null",
                  "string"
                ]
              },
              "type": [
                "null",
                "array"
              ]
            },
            "total": {
              "type": [
                "null",
                "boolean"
              ]
            },
            "url": {
              "type": [
                "null",
                "string"
              ]
            },
            "view": {
              "type": [
                "null",
                "string"
              ]
            },
            "vis_config": {
              "additionalProperties": true,
              "type": [
                "null",
                "object"
              ]
            },
            "visible_ui_sections": {
              "type": [
                "null",
                "string"
              ]
            }
          },
          "type": [
            "null",
            "object"
          ]
        },
        "query_id": {
          "type": [
            "null",
            "string"
          ]
        },
        "short_url": {
          "type": [
            "null",
            "string"
          ]
        },
        "space": {
          "additionalProperties": false,
          "properties": {
            "child_count": {
              "type": [
                "null",
                "integer"
              ]
            },
            "content_metadata_id": {
              "type": [
                "null",
                "string"
              ]
            },
            "creator_id": {
              "type": [
                "null",
                "string"
              ]
            },
            "external_id": {
              "type": [
                "null",
                "string"
              ]
            },
            "id": {
              "type": [
                "null",
                "string"
              ]
            },
            "is_embed": {
              "type": [
                "null",
                "boolean"
              ]
            },
            "is_embed_shared_root": {
              "type": [
                "null",
                "boolean"
              ]
            },
            "is_embed_users_root": {
              "type": [
                "null",
                "boolean"
              ]
            },
            "is_personal": {
              "type": [
                "null",
                "boolean"
              ]
            },
            "is_personal_descendant": {
              "type": [
                "null",
                "boolean"
              ]
            },
            "is_shared_root": {
              "type": [
                "null",
                "boolean"
              ]
            },
            "is_users_root": {
              "type": [
                "null",
                "boolean"
              ]
            },
            "name": {
              "type": [
                "null",
                "string"
              ]
            },
            "parent_id": {
              "type": [
                "null",
                "string"
              ]
            }
          },
          "type": [
            "null",
            "object"
          ]
        },
        "space_id": {
          "type": [
            "null",
            "string"
          ]
        },
        "title": {
          "type": [
            "null",
            "string"
          ]
        },
        "updated_at": {
          "format": "date-time",
          "type": [
            "null",
            "string"
          ]
        },
        "url": {
          "type": [
            "null",
            "string"
          ]
        },
        "user": {
          "additionalProperties": false,
          "properties": {
            "id": {
              "type": [
                "null",
                "string"
              ]
            }
          },
          "type": [
            "null",
            "object"
          ]
        },
        "user_id": {
          "type": [
            "null",
            "string"
          ]
        },
        "view_count": {
          "type": [
            "null",
            "integer"
          ]
        }
      },
      "type": [
        "null",
        "object"
      ]
    },
    "look_id": {
      "type": [
        "null",
        "string"
      ]
    },
    "lookml_link_id": {
      "type": [
        "null",
        "string"
      ]
    },
    "merge_result_id": {
      "type": [
        "null",
        "string"
      ]
    },
    "note_display": {
      "type": [
        "null",
        "string"
      ]
    },
    "note_state": {
      "type": [
        "null",
        "string"
      ]
    },
    "note_text": {
      "type": [
        "null",
        "string"
      ]
    },
    "note_text_as_html": {
      "type": [
        "null",
        "string"
      ]
    },
    "query": {
      "additionalProperties": false,
      "properties": {
        "client_id": {
          "type": [
            "null",
            "string"
          ]
        },
        "column_limit": {
          "type": [
            "null",
            "string"
          ]
        },
        "dynamic_fields": {
          "type": [
            "null",
            "string"
          ]
        },
        "expanded_share_url": {
          "type": [
            "null",
            "string"
          ]
        },
        "fields": {
          "items": {
            "type": [
              "null",
              "string"
            ]
          },
          "type": [
            "null",
            "array"
          ]
        },
        "fill_fields": {
          "items": {
            "type": [
              "null",
              "string"
            ]
          },
          "type": [
            "null",
            "array"
          ]
        },
        "filter_config": {
          "additionalProperties": true,
          "type": [
            "null",
            "object"
          ]
        },
        "filter_expression": {
          "type": [
            "null",
            "string"
          ]
        },
        "filters": {
          "additionalProperties": true,
          "type": [
            "null",
            "object"
          ]
        },
        "has_table_calculations": {
          "type": [
            "null",
            "boolean"
          ]
        },
        "id": {
          "type": [
            "null",
            "string"
          ]
        },
        "limit": {
          "type": [
            "null",
            "string"
          ]
        },
        "model": {
          "type": [
            "null",
            "string"
          ]
        },
        "pivots": {
          "items": {
            "type": [
              "null",
              "string"
            ]
          },
          "type": [
            "null",
            "array"
          ]
        },
        "query_timezone": {
          "type": [
            "null",
            "string"
          ]
        },
        "row_total": {
          "type": [
            "null",
            "string"
          ]
        },
        "runtime": {
          "type": [
            "null",
            "number"
          ]
        },
        "share_url": {
          "type": [
            "null",
            "string"
          ]
        },
        "slug": {
          "type": [
            "null",
            "string"
          ]
        },
        "sorts": {
          "items": {},
          "type": [
            "null",
            "array"
          ]
        },
        "subtotals": {
          "items": {
            "type": [
              "null",
              "string"
            ]
          },
          "type": [
            "null",
            "array"
          ]
        },
        "total": {
          "type": [
            "null",
            "boolean"
          ]
        },
        "url": {
          "type": [
            "null",
            "string"
          ]
        },
        "view": {
          "type": [
            "null",
            "string"
          ]
        },
        "vis_config": {
          "additionalProperties": true,
          "type": [
            "null",
            "object"
          ]
        },
        "visible_ui_sections": {
          "type": [
            "null",
            "string"
          ]
        }
      },
      "type": [
        "null",
        "object"
      ]
    },
    "query_id": {
      "type": [
        "null",
        "string"
      ]
    },
    "refresh_interval": {
      "type": [
        "null",
        "string"
      ]
    },
    "refresh_interval_to_i": {
      "type": [
        "null",
        "integer"
      ]
    },
    "result_maker": {
      "additionalProperties": false,
      "properties": {
        "dynamic_fields": {
          "type": [
            "null",
            "string"
          ]
        },
        "filterables": {
          "items": {
            "additionalProperties": false,
            "properties": {
              "listen": {
                "items": {
                  "additionalProperties": false,
                  "properties": {
                    "dashboard_filter_name": {
                      "type": [
                        "null",
                        "string"
                      ]
                    },
                    "field": {
                      "type": [
                        "null",
                        "string"
                      ]
                    }
                  },
                  "type": [
                    "null",
                    "object"
                  ]
                },
                "type": [
                  "null",
                  "array"
                ]
              },
              "model": {
                "type": [
                  "null",
                  "string"
                ]
              },
              "name": {
                "type": [
                  "null",
                  "string"
                ]
              },
              "view": {
                "type": [
                  "null",
                  "string"
                ]
              }
            },
            "type": [
              "null",
              "object"
            ]
          },
          "type": [
            "null",
            "array"
          ]
        },
        "id": {
          "type": [
            "null",
            "string"
          ]
        },
        "merge_result_id": {
          "type": [
            "null",
            "string"
          ]
        },
        "query": {
          "additionalProperties": false,
          "properties": {
            "client_id": {
              "type": [
                "null",
                "string"
              ]
            },
            "column_limit": {
              "type": [
                "null",
                "string"
              ]
            },
            "dynamic_fields": {
              "type": [
                "null",
                "string"
              ]
            },
            "expanded_share_url": {
              "type": [
                "null",
                "string"
              ]
            },
            "fields": {
              "items": {
                "type": [
                  "null",
                  "string"
                ]
              },
              "type": [
                "null",
                "array"
              ]
            },
            "fill_fields": {
              "items": {
                "type": [
                  "null",
                  "string"
                ]
              },
              "type": [
                "null",
                "array"
              ]
            },
            "filter_config": {
              "additionalProperties": true,
              "type": [
                "null",
                "object"
              ]
            },
            "filter_expression": {
              "type": [
                "null",
                "string"
              ]
            },
            "filters": {
              "additionalProperties": true,
              "type": [
                "null",
                "object"
              ]
            },
            "has_table_calculations": {
              "type": [
                "null",
                "boolean"
              ]
            },
            "id": {
              "type": [
                "null",
                "string"
              ]
            },
            "limit": {
              "type": [
                "null",
                "string"
              ]
            },
            "model": {
              "type": [
                "null",
                "string"
              ]
            },
            "pivots": {
              "items": {
                "type": [
                  "null",
                  "string"
                ]
              },
              "type": [
                "null",
                "array"
              ]
            },
            "query_timezone": {
              "type": [
                "null",
                "string"
              ]
            },
            "row_total": {
              "type": [
                "null",
                "string"
              ]
            },
            "runtime": {
              "type": [
                "null",
                "number"
              ]
            },
            "share_url": {
              "type": [
                "null",
                "string"
              ]
            },
            "slug": {
              "type": [
                "null",
                "string"
              ]
            },
            "sorts": {
              "items": {},
              "type": [
                "null",
                "array"
              ]
            },
            "subtotals": {
              "items": {
                "type": [
                  "null",
                  "string"
                ]
              },
              "type": [
                "null",
                "array"
              ]
            },
            "total": {
              "type": [
                "null",
                "boolean"
              ]
            },
            "url": {
              "type": [
                "null",
                "string"
              ]
            },
            "view": {
              "type": [
                "null",
                "string"
              ]
            },
            "vis_config": {
              "additionalProperties": true,
              "type": [
                "null",
                "object"
              ]
            },
            "visible_ui_sections": {
              "type": [
                "null",
                "string"
              ]
            }
          },
          "type": [
            "null",
            "object"
          ]
        },
        "query_id": {
          "type": [
            "null",
            "string"
          ]
        },
        "sorts": {
          "items": {},
          "type": [
            "null",
            "array"
          ]
        },
        "total": {
          "type": [
            "null",
            "boolean"
          ]
        },
        "vis_config": {
          "additionalProperties": true,
          "type": [
            "null",
            "object"
          ]
        }
      },
      "type": [
        "null",
        "object"
      ]
    },
    "result_maker_id": {
      "type": [
        "null",
        "string"
      ]
    },
    "subtitle_text": {
      "type": [
        "null",
        "string"
      ]
    },
    "title": {
      "type": [
        "null",
        "string"
      ]
    },
    "title_hidden": {
      "type": [
        "null",
        "boolean"
      ]
    },
    "title_text": {
      "type": [
        "null",
        "string"
      ]
    },
    "type": {
      "type": [
        "null",
        "string"
      ]
    }
  },
  "type": [
    "null",
    "object"
  ]
}