{
  "additionalProperties": false,
  "properties": {
    "created_at": {
      "type": [
        "null",
        "integer"
      ]
    },
    "id": {
      "type": [
        "null",
        "string"
      ]
    },
    "model_name": {
      "type": [
        "null",
        "string"
      ]
    },
    "name": {
      "type": [
        "null",
        "string"
      ]
    },
    "stale_before": {
      "type": [
        "null",
        "integer"
      ]
    },
    "trigger_check_at": {
      "type": [
        "null",
        "integer"
      ]
    },
    "trigger_error": {
      "type": [
        "null",
        "string"
      ]
    },
    "trigger_value": {
      "type": [
        "null",
        "string"
      ]
    },
    "triggered_at": {
      "type": [
        "null",
        "integer"
      ]
    }
  },
  "type": [
    "null",
    "object"
  ]
}