{
  "additionalProperties": false,
  "properties": {
    "child_count": {
      "type": [
        "null",
        "integer"
      ]
    },
    "content_metadata_id": {
      "type": [
        "null",
        "string"
      ]
    },
    "creator_id": {
      "type": [
        "null",
        "string"
      ]
    },
    "dashboards": {
      "items": {
        "additionalProperties": false,
        "properties": {
          "content_favorite_id": {
            "type": [
              "null",
              "string"
            ]
          },
          "content_metadata_id": {
            "type": [
              "null",
              "string"
            ]
          },
          "description": {
            "type": [
              "null",
              "string"
            ]
          },
          "folder": {
            "additionalProperties": false,
            "properties": {
              "child_count": {
                "type": [
                  "null",
                  "integer"
                ]
              },
              "content_metadata_id": {
                "type": [
                  "null",
                  "string"
                ]
              },
              "creator_id": {
                "type": [
                  "null",
                  "string"
                ]
              },
              "external_id": {
                "type": [
                  "null",
                  "string"
                ]
              },
              "id": {
                "type": [
                  "null",
                  "string"
                ]
              },
              "is_embed": {
                "type": [
                  "null",
                  "boolean"
                ]
              },
              "is_embed_shared_root": {
                "type": [
                  "null",
                  "boolean"
                ]
              },
              "is_embed_users_root": {
                "type": [
                  "null",
                  "boolean"
                ]
              },
              "is_personal": {
                "type": [
                  "null",
                  "boolean"
                ]
              },
              "is_personal_descendant": {
                "type": [
                  "null",
                  "boolean"
                ]
              },
              "is_shared_root": {
                "type": [
                  "null",
                  "boolean"
                ]
              },
              "is_users_root": {
                "type": [
                  "null",
                  "boolean"
                ]
              },
              "name": {
                "type": [
                  "null",
                  "string"
                ]
              },
              "parent_id": {
                "type": [
                  "null",
                  "string"
                ]
              }
            },
            "type": [
              "null",
              "object"
            ]
          },
          "hidden": {
            "type": [
              "null",
              "boolean"
            ]
          },
          "id": {
            "type": [
              "null",
              "string"
            ]
          },
          "model": {
            "additionalProperties": false,
            "properties": {
              "id": {
                "type": [
                  "null",
                  "string"
                ]
              },
              "label": {
                "type": [
                  "null",
                  "string"
                ]
              }
            },
            "type": [
              "null",
              "object"
            ]
          },
          "query_timezone": {
            "type": [
              "null",
              "string"
            ]
          },
          "readonly": {
            "type": [
              "null",
              "boolean"
            ]
          },
          "refresh_interval": {
            "type": [
              "null",
              "string"
            ]
          },
          "refresh_interval_to_i": {
            "type": [
              "null",
              "integer"
            ]
          },
          "space": {
            "additionalProperties": false,
            "properties": {
              "child_count": {
                "type": [
                  "null",
                  "integer"
                ]
              },
              "content_metadata_id": {
                "type": [
                  "null",
                  "string"
                ]
              },
              "creator_id": {
                "type": [
                  "null",
                  "string"
                ]
              },
              "external_id": {
                "type": [
                  "null",
                  "string"
                ]
              },
              "id": {
                "type": [
                  "null",
                  "string"
                ]
              },
              "is_embed": {
                "type": [
                  "null",
                  "boolean"
                ]
              },
              "is_embed_shared_root": {
                "type": [
                  "null",
                  "boolean"
                ]
              },
              "is_embed_users_root": {
                "type": [
                  "null",
                  "boolean"
                ]
              },
              "is_personal": {
                "type": [
                  "null",
                  "boolean"
                ]
              },
              "is_personal_descendant": {
                "type": [
                  "null",
                  "boolean"
                ]
              },
              "is_shared_root": {
                "type": [
                  "null",
                  "boolean"
                ]
              },
              "is_users_root": {
                "type": [
                  "null",
                  "boolean"
                ]
              },
              "name": {
                "type": [
                  "null",
                  "string"
                ]
              },
              "parent_id": {
                "type": [
                  "null",
                  "string"
                ]
              }
            },
            "type": [
              "null",
              "object"
            ]
          },
          "title": {
            "type": [
              "null",
              "string"
            ]
          },
          "user_id": {
            "type": [
              "null",
              "string"
            ]
          }
        },
        "type": [
          "null",
          "object"
        ]
      },
      "type": [
        "null",
        "array"
      ]
    },
    "external_id": {
      "type": [
        "null",
        "string"
      ]
    },
    "id": {
      "type": [
        "null",
        "string"
      ]
    },
    "is_embed": {
      "type": [
        "null",
        "boolean"
      ]
    },
    "is_embed_shared_root": {
      "type": [
        "null",
        "boolean"
      ]
    },
    "is_embed_users_root": {
      "type": [
        "null",
        "boolean"
      ]
    },
    "is_personal": {
      "type": [
        "null",
        "boolean"
      ]
    },
    "is_personal_descendant": {
      "type": [
        "null",
        "boolean"
      ]
    },
    "is_shared_root": {
      "type": [
        "null",
        "boolean"
      ]
    },
    "is_users_root": {
      "type": [
        "null",
        "boolean"
      ]
    },
    "looks": {
      "items": {
        "additionalProperties": false,
        "properties": {
          "content_favorite_id": {
            "type": [
              "null",
              "string"
            ]
          },
          "content_metadata_id": {
            "type": [
              "null",
              "string"
            ]
          },
          "created_at": {
            "format": "date-time",
            "type": [
              "null",
              "string"
            ]
          },
          "dashboards": {
            "items": {
              "additionalProperties": false,
              "properties": {
                "content_favorite_id": {
                  "type": [
                    "null",
                    "string"
                  ]
                },
                "content_metadata_id": {
                  "type": [
                    "null",
                    "string"
                  ]
                },
                "description": {
                  "type": [
                    "null",
                    "string"
                  ]
                },
                "folder": {
                  "additionalProperties": false,
                  "properties": {
                    "child_count": {
                      "type": [
                        "null",
                        "integer"
                      ]
                    },
                    "content_metadata_id": {
                      "type": [
                        "null",
                        "string"
                      ]
                    },
                    "creator_id": {
                      "type": [
                        "null",
                        "string"
                      ]
                    },
                    "external_id": {
                      "type": [
                        "null",
                        "string"
                      ]
                    },
                    "id": {
                      "type": [
                        "null",
                        "string"
                      ]
                    },
                    "is_embed": {
                      "type": [
                        "null",
                        "boolean"
                      ]
                    },
                    "is_embed_shared_root": {
                      "type": [
                        "null",
                        "boolean"
                      ]
                    },
                    "is_embed_users_root": {
                      "type": [
                        "null",
                        "boolean"
                      ]
                    },
                    "is_personal": {
                      "type": [
                        "null",
                        "boolean"
                      ]
                    },
                    "is_personal_descendant": {
                      "type": [
                        "null",
                        "boolean"
                      ]
                    },
                    "is_shared_root": {
                      "type": [
                        "null",
                        "boolean"
                      ]
                    },
                    "is_users_root": {
                      "type": [
                        "null",
                        "boolean"
                      ]
                    },
                    "name": {
                      "type": [
                        "null",
                        "string"
                      ]
                    },
                    "parent_id": {
                      "type": [
                        "null",
                        "string"
                      ]
                    }
                  },
                  "type": [
                    "null",
                    "object"
                  ]
                },
                "hidden": {
                  "type": [
                    "null",
                    "boolean"
                  ]
                },
                "id": {
                  "type": [
                    "null",
                    "string"
                  ]
                },
                "model": {
                  "additionalProperties": false,
                  "properties": {
                    "id": {
                      "type": [
                        "null",
                        "string"
                      ]
                    },
                    "label": {
                      "type": [
                        "null",
                        "string"
                      ]
                    }
                  },
                  "type": [
                    "null",
                    "object"
                  ]
                },
                "query_timezone": {
                  "type": [
                    "null",
                    "string"
                  ]
                },
                "readonly": {
                  "type": [
                    "null",
                    "boolean"
                  ]
                },
                "refresh_interval": {
                  "type": [
                    "null",
                    "string"
                  ]
                },
                "refresh_interval_to_i": {
                  "type": [
                    "null",
                    "integer"
                  ]
                },
                "space": {
                  "additionalProperties": false,
                  "properties": {
                    "child_count": {
                      "type": [
                        "null",
                        "integer"
                      ]
                    },
                    "content_metadata_id": {
                      "type": [
                        "null",
                        "string"
                      ]
                    },
                    "creator_id": {
                      "type": [
                        "null",
                        "string"
                      ]
                    },
                    "external_id": {
                      "type": [
                        "null",
                        "string"
                      ]
                    },
                    "id": {
                      "type": [
                        "null",
                        "string"
                      ]
                    },
                    "is_embed": {
                      "type": [
                        "null",
                        "boolean"
                      ]
                    },
                    "is_embed_shared_root": {
                      "type": [
                        "null",
                        "boolean"
                      ]
                    },
                    "is_embed_users_root": {
                      "type": [
                        "null",
                        "boolean"
                      ]
                    },
                    "is_personal": {
                      "type": [
                        "null",
                        "boolean"
                      ]
                    },
                    "is_personal_descendant": {
                      "type": [
                        "null",
                        "boolean"
                      ]
                    },
                    "is_shared_root": {
                      "type": [
                        "null",
                        "boolean"
                      ]
                    },
                    "is_users_root": {
                      "type": [
                        "null",
                        "boolean"
                      ]
                    },
                    "name": {
                      "type": [
                        "null",
                        "string"
                      ]
                    },
                    "parent_id": {
                      "type": [
                        "null",
                        "string"
                      ]
                    }
                  },
                  "type": [
                    "null",
                    "object"
                  ]
                },
                "title": {
                  "type": [
                    "null",
                    "string"
                  ]
                },
                "user_id": {
                  "type": [
                    "null",
                    "string"
                  ]
                }
              },
              "type": [
                "null",
                "object"
              ]
            },
            "type": [
              "null",
              "array"
            ]
          },
          "deleted": {
            "type": [
              "null",
              "boolean"
            ]
          },
          "deleted_at": {
            "format": "date-time",
            "type": [
              "null",
              "string"
            ]
          },
          "deleter_id": {
            "type": [
              "null",
              "string"
            ]
          },
          "description": {
            "type": [
              "null",
              "string"
            ]
          },
          "embed_url": {
            "type": [
              "null",
              "string"
            ]
          },
          "excel_file_url": {
            "type": [
              "null",
              "string"
            ]
          },
          "favorite_count": {
            "type": [
              "null",
              "integer"
            ]
          },
          "folder": {
            "additionalProperties": false,
            "properties": {
              "child_count": {
                "type": [
                  "null",
                  "integer"
                ]
              },
              "content_metadata_id": {
                "type": [
                  "null",
                  "string"
                ]
              },
              "creator_id": {
                "type": [
                  "null",
                  "string"
                ]
              },
              "external_id": {
                "type": [
                  "null",
                  "string"
                ]
              },
              "id": {
                "type": [
                  "null",
                  "string"
                ]
              },
              "is_embed": {
                "type": [
                  "null",
                  "boolean"
                ]
              },
              "is_embed_shared_root": {
                "type": [
                  "null",
                  "boolean"
                ]
              },
              "is_embed_users_root": {
                "type": [
                  "null",
                  "boolean"
                ]
              },
              "is_personal": {
                "type": [
                  "null",
                  "boolean"
                ]
              },
              "is_personal_descendant": {
                "type": [
                  "null",
                  "boolean"
                ]
              },
              "is_shared_root": {
                "type": [
                  "null",
                  "boolean"
                ]
              },
              "is_users_root": {
                "type": [
                  "null",
                  "boolean"
                ]
              },
              "name": {
                "type": [
                  "null",
                  "string"
                ]
              },
              "parent_id": {
                "type": [
                  "null",
                  "string"
                ]
              }
            },
            "type": [
              "null",
              "object"
            ]
          },
          "folder_id": {
            "type": [
              "null",
              "string"
            ]
          },
          "google_spreadsheet_formula": {
            "type": [
              "null",
              "string"
            ]
          },
          "id": {
            "type": [
              "null",
              "string"
            ]
          },
          "image_embed_url": {
            "type": [
              "null",
              "string"
            ]
          },
          "is_run_on_load": {
            "type": [
              "null",
              "boolean"
            ]
          },
          "last_accessed_at": {
            "format": "date-time",
            "type": [
              "null",
              "string"
            ]
          },
          "last_updater_id": {
            "type": [
              "null",
              "string"
            ]
          },
          "last_viewed_at": {
            "format": "date-time",
            "type": [
              "null",
              "string"
            ]
          },
          "model": {
            "additionalProperties": false,
            "properties": {
              "id": {
                "type": [
                  "null",
                  "string"
                ]
              },
              "label": {
                "type": [
                  "null",
                  "string"
                ]
              }
            },
            "type": [
              "null",
              "object"
            ]
          },
          "public": {
            "type": [
              "null",
              "boolean"
            ]
          },
          "public_slug": {
            "type": [
              "null",
              "string"
            ]
          },
          "public_url": {
            "type": [
              "null",
              "string"
            ]
          },
          "query_id": {
            "type": [
              "null",
              "string"
            ]
          },
          "short_url": {
            "type": [
              "null",
              "string"
            ]
          },
          "space": {
            "additionalProperties": false,
            "properties": {
              "child_count": {
                "type": [
                  "null",
                  "integer"
                ]
              },
              "content_metadata_id": {
                "type": [
                  "null",
                  "string"
                ]
              },
              "creator_id": {
                "type": [
                  "null",
                  "string"
                ]
              },
              "external_id": {
                "type": [
                  "null",
                  "string"
                ]
              },
              "id": {
                "type": [
                  "null",
                  "string"
                ]
              },
              "is_embed": {
                "type": [
                  "null",
                  "boolean"
                ]
              },
              "is_embed_shared_root": {
                "type": [
                  "null",
                  "boolean"
                ]
              },
              "is_embed_users_root": {
                "type": [
                  "null",
                  "boolean"
                ]
              },
              "is_personal": {
                "type": [
                  "null",
                  "boolean"
                ]
              },
              "is_personal_descendant": {
                "type": [
                  "null",
                  "boolean"
                ]
              },
              "is_shared_root": {
                "type": [
                  "null",
                  "boolean"
                ]
              },
              "is_users_root": {
                "type": [
                  "null",
                  "boolean"
                ]
              },
              "name": {
                "type": [
                  "null",
                  "string"
                ]
              },
              "parent_id": {
                "type": [
                  "null",
                  "string"
                ]
              }
            },
            "type": [
              "null",
              "object"
            ]
          },
          "space_id": {
            "type": [
              "null",
              "string"
            ]
          },
          "title": {
            "type": [
              "null",
              "string"
            ]
          },
          "updated_at": {
            "format": "date-time",
            "type": [
              "null",
              "string"
            ]
          },
          "user": {
            "additionalProperties": false,
            "properties": {
              "id": {
                "type": [
                  "null",
                  "string"
                ]
              }
            },
            "type": [
              "null",
              "object"
            ]
          },
          "user_id": {
            "type": [
              "null",
              "string"
            ]
          },
          "view_count": {
            "type": [
              "null",
              "integer"
            ]
          }
        },
        "type": [
          "null",
          "object"
        ]
      },
      "type": [
        "null",
        "array"
      ]
    },
    "name": {
      "type": [
        "null",
        "string"
      ]
    },
    "parent_id": {
      "type": [
        "null",
        "string"
      ]
    }
  },
  "type": [
    "null",
    "object"
  ]
}