{
  "additionalProperties": false,
  "properties": {
    "ahead_count": {
      "type": [
        "null",
        "integer"
      ]
    },
    "behind_count": {
      "type": [
        "null",
        "integer"
      ]
    },
    "commit_at": {
      "type": [
        "null",
        "integer"
      ]
    },
    "error": {
      "type": [
        "null",
        "string"
      ]
    },
    "is_local": {
      "type": [
        "null",
        "boolean"
      ]
    },
    "is_production": {
      "type": [
        "null",
        "boolean"
      ]
    },
    "is_remote": {
      "type": [
        "null",
        "boolean"
      ]
    },
    "message": {
      "type": [
        "null",
        "string"
      ]
    },
    "name": {
      "type": [
        "null",
        "string"
      ]
    },
    "owner_name": {
      "type": [
        "null",
        "string"
      ]
    },
    "personal": {
      "type": [
        "null",
        "boolean"
      ]
    },
    "project_id": {
      "type": [
        "null",
        "string"
      ]
    },
    "readonly": {
      "type": [
        "null",
        "boolean"
      ]
    },
    "ref": {
      "type": [
        "null",
        "string"
      ]
    },
    "remote": {
      "type": [
        "null",
        "string"
      ]
    },
    "remote_name": {
      "type": [
        "null",
        "string"
      ]
    },
    "remote_ref": {
      "type": [
        "null",
        "string"
      ]
    }
  },
  "type": [
    "null",
    "object"
  ]
}