{
  "additionalProperties": false,
  "properties": {
    "can_add_to_content_metadata": {
      "type": [
        "null",
        "boolean"
      ]
    },
    "contains_current_user": {
      "type": [
        "null",
        "boolean"
      ]
    },
    "external_group_id": {
      "type": [
        "null",
        "string"
      ]
    },
    "externally_managed": {
      "type": [
        "null",
        "boolean"
      ]
    },
    "id": {
      "type": [
        "null",
        "string"
      ]
    },
    "include_by_default": {
      "type": [
        "null",
        "boolean"
      ]
    },
    "name": {
      "type": [
        "null",
        "string"
      ]
    },
    "user_count": {
      "type": [
        "null",
        "integer"
      ]
    }
  },
  "type": [
    "null",
    "object"
  ]
}