{
  "additionalProperties": false,
  "properties": {
    "content_metadata_id": {
      "type": [
        "null",
        "string"
      ]
    },
    "created_at": {
      "format": "date-time",
      "type": [
        "null",
        "string"
      ]
    },
    "deleted_at": {
      "format": "date-time",
      "type": [
        "null",
        "string"
      ]
    },
    "description": {
      "type": [
        "null",
        "string"
      ]
    },
    "homepage_sections": {
      "items": {
        "additionalProperties": false,
        "properties": {
          "created_at": {
            "format": "date-time",
            "type": [
              "null",
              "string"
            ]
          },
          "deleted_at": {
            "format": "date-time",
            "type": [
              "null",
              "string"
            ]
          },
          "description": {
            "type": [
              "null",
              "string"
            ]
          },
          "detail_url": {
            "type": [
              "null",
              "string"
            ]
          },
          "homepage_id": {
            "type": [
              "null",
              "string"
            ]
          },
          "homepage_items": {
            "items": {
              "additionalProperties": false,
              "properties": {
                "content_created_by": {
                  "type": [
                    "null",
                    "string"
                  ]
                },
                "content_favorite_id": {
                  "type": [
                    "null",
                    "string"
                  ]
                },
                "content_metadata_id": {
                  "type": [
                    "null",
                    "string"
                  ]
                },
                "content_updated_at": {
                  "type": [
                    "null",
                    "string"
                  ]
                },
                "custom_description": {
                  "type": [
                    "null",
                    "string"
                  ]
                },
                "custom_image_data_base64": {
                  "type": [
                    "null",
                    "string"
                  ]
                },
                "custom_image_url": {
                  "type": [
                    "null",
                    "string"
                  ]
                },
                "custom_title": {
                  "type": [
                    "null",
                    "string"
                  ]
                },
                "custom_url": {
                  "type": [
                    "null",
                    "string"
                  ]
                },
                "dashboard_id": {
                  "type": [
                    "null",
                    "string"
                  ]
                },
                "description": {
                  "type": [
                    "null",
                    "string"
                  ]
                },
                "favorite_count": {
                  "type": [
                    "null",
                    "integer"
                  ]
                },
                "homepage_section_id": {
                  "type": [
                    "null",
                    "string"
                  ]
                },
                "id": {
                  "type": [
                    "null",
                    "string"
                  ]
                },
                "image_url": {
                  "type": [
                    "null",
                    "string"
                  ]
                },
                "location": {
                  "type": [
                    "null",
                    "string"
                  ]
                },
                "look_id": {
                  "type": [
                    "null",
                    "string"
                  ]
                },
                "lookml_dashboard_id": {
                  "type": [
                    "null",
                    "string"
                  ]
                },
                "order": {
                  "type": [
                    "null",
                    "integer"
                  ]
                },
                "section_fetch_time": {
                  "format": "float",
                  "type": [
                    "null",
                    "number"
                  ]
                },
                "title": {
                  "type": [
                    "null",
                    "string"
                  ]
                },
                "url": {
                  "type": [
                    "null",
                    "string"
                  ]
                },
                "use_custom_description": {
                  "type": [
                    "null",
                    "boolean"
                  ]
                },
                "use_custom_image": {
                  "type": [
                    "null",
                    "boolean"
                  ]
                },
                "use_custom_title": {
                  "type": [
                    "null",
                    "boolean"
                  ]
                },
                "use_custom_url": {
                  "type": [
                    "null",
                    "boolean"
                  ]
                },
                "view_count": {
                  "type": [
                    "null",
                    "integer"
                  ]
                }
              },
              "type": [
                "null",
                "object"
              ]
            },
            "type": [
              "null",
              "array"
            ]
          },
          "id": {
            "type": [
              "null",
              "string"
            ]
          },
          "is_header": {
            "type": [
              "null",
              "boolean"
            ]
          },
          "item_order": {
            "items": {
              "type": [
                "null",
                "integer"
              ]
            },
            "type": [
              "null",
              "array"
            ]
          },
          "title": {
            "type": [
              "null",
              "string"
            ]
          },
          "updated_at": {
            "format": "date-time",
            "type": [
              "null",
              "string"
            ]
          }
        },
        "type": [
          "null",
          "object"
        ]
      },
      "type": [
        "null",
        "array"
      ]
    },
    "id": {
      "type": [
        "null",
        "string"
      ]
    },
    "primary_homepage": {
      "type": [
        "null",
        "boolean"
      ]
    },
    "section_order": {
      "items": {
        "type": [
          "null",
          "integer"
        ]
      },
      "type": [
        "null",
        "array"
      ]
    },
    "title": {
      "type": [
        "null",
        "string"
      ]
    },
    "updated_at": {
      "format": "date-time",
      "type": [
        "null",
        "string"
      ]
    },
    "user_id": {
      "type": [
        "null",
        "string"
      ]
    }
  },
  "type": [
    "null",
    "object"
  ]
}