{
  "additionalProperties": false,
  "properties": {
    "authorization_token": {
      "type": [
        "null",
        "string"
      ]
    },
    "fetch_error_message": {
      "type": [
        "null",
        "string"
      ]
    },
    "has_authorization_token": {
      "type": [
        "null",
        "boolean"
      ]
    },
    "id": {
      "type": [
        "null",
        "string"
      ]
    },
    "label": {
      "type": [
        "null",
        "string"
      ]
    },
    "legal_agreement_required": {
      "type": [
        "null",
        "boolean"
      ]
    },
    "legal_agreement_signed": {
      "type": [
        "null",
        "boolean"
      ]
    },
    "legal_agreement_text": {
      "type": [
        "null",
        "string"
      ]
    },
    "official": {
      "type": [
        "null",
        "boolean"
      ]
    },
    "url": {
      "type": [
        "null",
        "string"
      ]
    }
  },
  "type": [
    "null",
    "object"
  ]
}