{
  "additionalProperties": false,
  "properties": {
    "delegate_oauth": {
      "type": [
        "null",
        "boolean"
      ]
    },
    "description": {
      "type": [
        "null",
        "string"
      ]
    },
    "enabled": {
      "type": [
        "null",
        "boolean"
      ]
    },
    "icon_url": {
      "type": [
        "null",
        "string"
      ]
    },
    "id": {
      "type": [
        "null",
        "string"
      ]
    },
    "installed_delegate_oauth": {
      "type": [
        "null",
        "string"
      ]
    },
    "integration_hub_id": {
      "type": [
        "null",
        "string"
      ]
    },
    "label": {
      "type": [
        "null",
        "string"
      ]
    },
    "params": {
      "items": {
        "additionalProperties": false,
        "properties": {
          "delegate_oauth_url": {
            "type": [
              "null",
              "string"
            ]
          },
          "description": {
            "type": [
              "null",
              "string"
            ]
          },
          "has_value": {
            "type": [
              "null",
              "boolean"
            ]
          },
          "label": {
            "type": [
              "null",
              "string"
            ]
          },
          "name": {
            "type": [
              "null",
              "string"
            ]
          },
          "per_user": {
            "type": [
              "null",
              "boolean"
            ]
          },
          "required": {
            "type": [
              "null",
              "boolean"
            ]
          },
          "sensitive": {
            "type": [
              "null",
              "boolean"
            ]
          },
          "user_attribute_name": {
            "type": [
              "null",
              "string"
            ]
          },
          "value": {
            "type": [
              "null",
              "string"
            ]
          }
        },
        "type": [
          "null",
          "object"
        ]
      },
      "type": [
        "null",
        "array"
      ]
    },
    "required_fields": {
      "items": {
        "additionalProperties": false,
        "properties": {
          "all_tags": {
            "items": {
              "type": [
                "null",
                "string"
              ]
            },
            "type": [
              "null",
              "array"
            ]
          },
          "any_tag": {
            "items": {
              "type": [
                "null",
                "string"
              ]
            },
            "type": [
              "null",
              "array"
            ]
          },
          "tag": {
            "type": [
              "null",
              "string"
            ]
          }
        },
        "type": [
          "null",
          "object"
        ]
      },
      "type": [
        "null",
        "array"
      ]
    },
    "supported_action_types": {
      "items": {
        "type": [
          "null",
          "string"
        ]
      },
      "type": [
        "null",
        "array"
      ]
    },
    "supported_download_settings": {
      "items": {
        "type": [
          "null",
          "string"
        ]
      },
      "type": [
        "null",
        "array"
      ]
    },
    "supported_formats": {
      "items": {
        "type": [
          "null",
          "string"
        ]
      },
      "type": [
        "null",
        "array"
      ]
    },
    "supported_formattings": {
      "items": {
        "type": [
          "null",
          "string"
        ]
      },
      "type": [
        "null",
        "array"
      ]
    },
    "supported_visualization_formattings": {
      "items": {
        "type": [
          "null",
          "string"
        ]
      },
      "type": [
        "null",
        "array"
      ]
    },
    "uses_oauth": {
      "type": [
        "null",
        "boolean"
      ]
    }
  },
  "type": [
    "null",
    "object"
  ]
}