{
  "additionalProperties": false,
  "properties": {
    "allowed_db_connection_names": {
      "items": {
        "type": [
          "null",
          "string"
        ]
      },
      "type": [
        "null",
        "array"
      ]
    },
    "explores": {
      "items": {
        "additionalProperties": false,
        "properties": {
          "description": {
            "type": [
              "null",
              "string"
            ]
          },
          "group_label": {
            "type": [
              "null",
              "string"
            ]
          },
          "hidden": {
            "type": [
              "null",
              "boolean"
            ]
          },
          "label": {
            "type": [
              "null",
              "string"
            ]
          },
          "name": {
            "type": [
              "null",
              "string"
            ]
          }
        },
        "type": [
          "null",
          "object"
        ]
      },
      "type": [
        "null",
        "array"
      ]
    },
    "has_content": {
      "type": [
        "null",
        "boolean"
      ]
    },
    "label": {
      "type": [
        "null",
        "string"
      ]
    },
    "name": {
      "type": [
        "null",
        "string"
      ]
    },
    "project_name": {
      "type": [
        "null",
        "string"
      ]
    },
    "unlimited_db_connections": {
      "type": [
        "null",
        "boolean"
      ]
    }
  },
  "type": [
    "null",
    "object"
  ]
}