{
  "additionalProperties": false,
  "properties": {
    "allow_warnings": {
      "type": [
        "null",
        "boolean"
      ]
    },
    "deploy_secret": {
      "type": [
        "null",
        "string"
      ]
    },
    "folders_enabled": {
      "type": [
        "null",
        "boolean"
      ]
    },
    "git_password": {
      "type": [
        "null",
        "string"
      ]
    },
    "git_password_user_attribute": {
      "type": [
        "null",
        "string"
      ]
    },
    "git_remote_url": {
      "type": [
        "null",
        "string"
      ]
    },
    "git_service_name": {
      "type": [
        "null",
        "string"
      ]
    },
    "git_username": {
      "type": [
        "null",
        "string"
      ]
    },
    "git_username_user_attribute": {
      "type": [
        "null",
        "string"
      ]
    },
    "id": {
      "type": [
        "null",
        "string"
      ]
    },
    "is_example": {
      "type": [
        "null",
        "boolean"
      ]
    },
    "name": {
      "type": [
        "null",
        "string"
      ]
    },
    "pull_request_mode": {
      "type": [
        "null",
        "string"
      ]
    },
    "unset_deploy_secret": {
      "type": [
        "null",
        "boolean"
      ]
    },
    "uses_git": {
      "type": [
        "null",
        "boolean"
      ]
    },
    "validation_required": {
      "type": [
        "null",
        "boolean"
      ]
    }
  },
  "type": [
    "null",
    "object"
  ]
}