{
  "additionalProperties": false,
  "properties": {
    "editable": {
      "type": [
        "null",
        "boolean"
      ]
    },
    "extension": {
      "type": [
        "null",
        "string"
      ]
    },
    "git_status": {
      "additionalProperties": false,
      "properties": {
        "action": {
          "type": [
            "null",
            "string"
          ]
        },
        "conflict": {
          "type": [
            "null",
            "boolean"
          ]
        },
        "revertable": {
          "type": [
            "null",
            "boolean"
          ]
        },
        "text": {
          "type": [
            "null",
            "string"
          ]
        }
      },
      "type": [
        "null",
        "object"
      ]
    },
    "id": {
      "type": [
        "null",
        "string"
      ]
    },
    "mime_type": {
      "type": [
        "null",
        "string"
      ]
    },
    "path": {
      "type": [
        "null",
        "string"
      ]
    },
    "project_id": {
      "type": [
        "null",
        "string"
      ]
    },
    "title": {
      "type": [
        "null",
        "string"
      ]
    },
    "type": {
      "type": [
        "null",
        "string"
      ]
    }
  },
  "type": [
    "null",
    "object"
  ]
}