{
  "additionalProperties": false,
  "type": ["null","object"],
  "properties": {
    "query_id": {
      "type": [
        "null",
        "string"
      ]
    },
    "history_created_date": {
      "type": [
        "null",
        "string"
      ]
    },
    "dims_hash_key": {
      "type": [
        "null",
        "string"
      ]
    },
    "query_model": {
      "type": [
        "null",
        "string"
      ]
    },
    "query_view": {
      "type": [
        "null",
        "string"
      ]
    },
    "space_id": {
      "type": [
        "null",
        "string"
      ]
    },
    "look_id": {
      "type": [
        "null",
        "string"
      ]
    },
    "dashboard_id": {
      "type": [
        "null",
        "string"
      ]
    },
    "user_id": {
      "type": [
        "null",
        "string"
      ]
    },
    "history_query_run_count": {
      "type": [
        "null",
        "integer"
      ]
    },
    "history_total_runtime": {
      "type": [
        "null",
        "number"
      ],
      "multipleOf": 1e-20
    }
  }
}