{
  "additionalProperties": false,
  "properties": {
    "client_id": {
      "type": [
        "null",
        "string"
      ]
    },
    "column_limit": {
      "type": [
        "null",
        "string"
      ]
    },
    "dynamic_fields": {
      "type": [
        "null",
        "string"
      ]
    },
    "expanded_share_url": {
      "type": [
        "null",
        "string"
      ]
    },
    "fields": {
      "items": {
        "type": [
          "null",
          "string"
        ]
      },
      "type": [
        "null",
        "array"
      ]
    },
    "fill_fields": {
      "items": {
        "type": [
          "null",
          "string"
        ]
      },
      "type": [
        "null",
        "array"
      ]
    },
    "filter_config": {
      "additionalProperties": true,
      "type": [
        "null",
        "object"
      ]
    },
    "filter_expression": {
      "type": [
        "null",
        "string"
      ]
    },
    "filters": {
      "additionalProperties": true,
      "type": [
        "null",
        "object"
      ]
    },
    "has_table_calculations": {
      "type": [
        "null",
        "boolean"
      ]
    },
    "id": {
      "type": [
        "null",
        "string"
      ]
    },
    "limit": {
      "type": [
        "null",
        "string"
      ]
    },
    "model": {
      "type": [
        "null",
        "string"
      ]
    },
    "pivots": {
      "items": {
        "type": [
          "null",
          "string"
        ]
      },
      "type": [
        "null",
        "array"
      ]
    },
    "query_timezone": {
      "type": [
        "null",
        "string"
      ]
    },
    "row_total": {
      "type": [
        "null",
        "string"
      ]
    },
    "runtime": {
      "type": [
        "null",
        "number"
      ]
    },
    "share_url": {
      "type": [
        "null",
        "string"
      ]
    },
    "slug": {
      "type": [
        "null",
        "string"
      ]
    },
    "sorts": {
      "items": {},
      "type": [
        "null",
        "array"
      ]
    },
    "subtotals": {
      "items": {
        "type": [
          "null",
          "string"
        ]
      },
      "type": [
        "null",
        "array"
      ]
    },
    "total": {
      "type": [
        "null",
        "boolean"
      ]
    },
    "url": {
      "type": [
        "null",
        "string"
      ]
    },
    "view": {
      "type": [
        "null",
        "string"
      ]
    },
    "vis_config": {
      "additionalProperties": true,
      "type": [
        "null",
        "object"
      ]
    },
    "visible_ui_sections": {
      "type": [
        "null",
        "string"
      ]
    }
  },
  "type": [
    "null",
    "object"
  ]
}