{
  "additionalProperties": false,
  "properties": {
    "id": {
      "type": [
        "null",
        "string"
      ]
    },
    "model_set": {
      "additionalProperties": false,
      "properties": {
        "all_access": {
          "type": [
            "null",
            "boolean"
          ]
        },
        "built_in": {
          "type": [
            "null",
            "boolean"
          ]
        },
        "id": {
          "type": [
            "null",
            "string"
          ]
        },
        "models": {
          "items": {
            "type": [
              "null",
              "string"
            ]
          },
          "type": [
            "null",
            "array"
          ]
        },
        "name": {
          "type": [
            "null",
            "string"
          ]
        },
        "url": {
          "type": [
            "null",
            "string"
          ]
        }
      },
      "type": [
        "null",
        "object"
      ]
    },
    "model_set_id": {
      "type": [
        "null",
        "string"
      ]
    },
    "name": {
      "type": [
        "null",
        "string"
      ]
    },
    "permission_set": {
      "additionalProperties": false,
      "properties": {
        "all_access": {
          "type": [
            "null",
            "boolean"
          ]
        },
        "built_in": {
          "type": [
            "null",
            "boolean"
          ]
        },
        "id": {
          "type": [
            "null",
            "string"
          ]
        },
        "name": {
          "type": [
            "null",
            "string"
          ]
        },
        "permissions": {
          "items": {
            "type": [
              "null",
              "string"
            ]
          },
          "type": [
            "null",
            "array"
          ]
        },
        "url": {
          "type": [
            "null",
            "string"
          ]
        }
      },
      "type": [
        "null",
        "object"
      ]
    },
    "permission_set_id": {
      "type": [
        "null",
        "string"
      ]
    },
    "url": {
      "type": [
        "null",
        "string"
      ]
    },
    "users_url": {
      "type": [
        "null",
        "string"
      ]
    }
  },
  "type": [
    "null",
    "object"
  ]
}