{
  "additionalProperties": false,
  "properties": {
    "color_theme": {
      "type": [
        "null",
        "string"
      ]
    },
    "created_at": {
      "format": "date-time",
      "type": [
        "null",
        "string"
      ]
    },
    "crontab": {
      "type": [
        "null",
        "string"
      ]
    },
    "dashboard_filters": {
      "type": [
        "null",
        "string"
      ],
      "x-looker-deprecated": true
    },
    "dashboard_id": {
      "type": [
        "null",
        "string"
      ]
    },
    "datagroup": {
      "type": [
        "null",
        "string"
      ]
    },
    "embed": {
      "type": [
        "null",
        "boolean"
      ]
    },
    "enabled": {
      "type": [
        "null",
        "boolean"
      ]
    },
    "filters_string": {
      "type": [
        "null",
        "string"
      ]
    },
    "id": {
      "type": [
        "null",
        "string"
      ]
    },
    "include_links": {
      "type": [
        "null",
        "boolean"
      ]
    },
    "last_run_at": {
      "format": "date-time",
      "type": [
        "null",
        "string"
      ]
    },
    "long_tables": {
      "type": [
        "null",
        "boolean"
      ]
    },
    "look_id": {
      "type": [
        "null",
        "string"
      ]
    },
    "lookml_dashboard_id": {
      "type": [
        "null",
        "string"
      ]
    },
    "name": {
      "type": [
        "null",
        "string"
      ]
    },
    "next_run_at": {
      "format": "date-time",
      "type": [
        "null",
        "string"
      ]
    },
    "pdf_landscape": {
      "type": [
        "null",
        "boolean"
      ]
    },
    "pdf_paper_size": {
      "type": [
        "null",
        "string"
      ]
    },
    "query_id": {
      "type": [
        "null",
        "string"
      ]
    },
    "require_change": {
      "type": [
        "null",
        "boolean"
      ]
    },
    "require_no_results": {
      "type": [
        "null",
        "boolean"
      ]
    },
    "require_results": {
      "type": [
        "null",
        "boolean"
      ]
    },
    "run_as_recipient": {
      "type": [
        "null",
        "boolean"
      ]
    },
    "run_once": {
      "type": [
        "null",
        "boolean"
      ]
    },
    "scheduled_plan_destination": {
      "items": {
        "additionalProperties": false,
        "properties": {
          "address": {
            "type": [
              "null",
              "string"
            ]
          },
          "apply_formatting": {
            "type": [
              "null",
              "boolean"
            ]
          },
          "apply_vis": {
            "type": [
              "null",
              "boolean"
            ]
          },
          "format": {
            "type": [
              "null",
              "string"
            ]
          },
          "id": {
            "type": [
              "null",
              "string"
            ]
          },
          "looker_recipient": {
            "type": [
              "null",
              "boolean"
            ]
          },
          "message": {
            "type": [
              "null",
              "string"
            ]
          },
          "parameters": {
            "type": [
              "null",
              "string"
            ]
          },
          "scheduled_plan_id": {
            "type": [
              "null",
              "string"
            ]
          },
          "secret_parameters": {
            "type": [
              "null",
              "string"
            ]
          },
          "type": {
            "type": [
              "null",
              "string"
            ]
          }
        },
        "type": [
          "null",
          "object"
        ]
      },
      "type": [
        "null",
        "array"
      ]
    },
    "send_all_results": {
      "type": [
        "null",
        "boolean"
      ]
    },
    "timezone": {
      "type": [
        "null",
        "string"
      ]
    },
    "title": {
      "type": [
        "null",
        "string"
      ]
    },
    "updated_at": {
      "format": "date-time",
      "type": [
        "null",
        "string"
      ]
    },
    "user": {
      "additionalProperties": false,
      "properties": {
        "avatar_url": {
          "type": [
            "null",
            "string"
          ]
        },
        "display_name": {
          "type": [
            "null",
            "string"
          ]
        },
        "first_name": {
          "type": [
            "null",
            "string"
          ]
        },
        "id": {
          "type": [
            "null",
            "string"
          ]
        },
        "last_name": {
          "type": [
            "null",
            "string"
          ]
        },
        "url": {
          "type": [
            "null",
            "string"
          ]
        }
      },
      "type": [
        "null",
        "object"
      ]
    },
    "user_id": {
      "type": [
        "null",
        "string"
      ]
    }
  },
  "type": [
    "null",
    "object"
  ]
}