{
  "additionalProperties": false,
  "properties": {
    "begin_at": {
      "format": "date-time",
      "type": [
        "null",
        "string"
      ]
    },
    "end_at": {
      "format": "date-time",
      "type": [
        "null",
        "string"
      ]
    },
    "id": {
      "type": [
        "null",
        "string"
      ]
    },
    "name": {
      "type": [
        "null",
        "string"
      ]
    },
    "settings": {
      "additionalProperties": false,
      "properties": {
        "background_color": {
          "type": [
            "null",
            "string"
          ]
        },
        "base_font_size": {
          "type": [
            "null",
            "string"
          ]
        },
        "color_collection_id": {
          "type": [
            "null",
            "string"
          ]
        },
        "font_color": {
          "type": [
            "null",
            "string"
          ]
        },
        "font_family": {
          "type": [
            "null",
            "string"
          ]
        },
        "font_source": {
          "type": [
            "null",
            "string"
          ]
        },
        "info_button_color": {
          "type": [
            "null",
            "string"
          ]
        },
        "primary_button_color": {
          "type": [
            "null",
            "string"
          ]
        },
        "show_filters_bar": {
          "type": [
            "null",
            "boolean"
          ]
        },
        "show_title": {
          "type": [
            "null",
            "boolean"
          ]
        },
        "text_tile_text_color": {
          "type": [
            "null",
            "string"
          ]
        },
        "tile_background_color": {
          "type": [
            "null",
            "string"
          ]
        },
        "tile_text_color": {
          "type": [
            "null",
            "string"
          ]
        },
        "title_color": {
          "type": [
            "null",
            "string"
          ]
        },
        "warn_button_color": {
          "type": [
            "null",
            "string"
          ]
        }
      },
      "type": [
        "null",
        "object"
      ]
    }
  },
  "type": [
    "null",
    "object"
  ]
}