{
  "additionalProperties": false,
  "properties": {
    "default_value": {
      "type": [
        "null",
        "string"
      ]
    },
    "hidden_value_domain_whitelist": {
      "type": [
        "null",
        "string"
      ]
    },
    "id": {
      "type": [
        "null",
        "string"
      ]
    },
    "is_permanent": {
      "type": [
        "null",
        "boolean"
      ]
    },
    "is_system": {
      "type": [
        "null",
        "boolean"
      ]
    },
    "label": {
      "type": [
        "null",
        "string"
      ]
    },
    "name": {
      "type": [
        "null",
        "string"
      ]
    },
    "type": {
      "type": [
        "null",
        "string"
      ]
    },
    "user_can_edit": {
      "type": [
        "null",
        "boolean"
      ]
    },
    "user_can_view": {
      "type": [
        "null",
        "boolean"
      ]
    },
    "value_is_hidden": {
      "type": [
        "null",
        "boolean"
      ]
    }
  },
  "type": [
    "null",
    "object"
  ]
}