{
  "additionalProperties": false,
  "properties": {
    "auth_type": {
      "type": [
        "null",
        "string"
      ]
    },
    "email": {
      "type": [
        "null",
        "string"
      ]
    },
    "fail_count": {
      "type": [
        "null",
        "integer"
      ]
    },
    "full_name": {
      "type": [
        "null",
        "string"
      ]
    },
    "ip": {
      "type": [
        "null",
        "string"
      ]
    },
    "key": {
      "type": [
        "null",
        "string"
      ]
    },
    "lockout_at": {
      "format": "date-time",
      "type": [
        "null",
        "string"
      ]
    },
    "remote_id": {
      "type": [
        "null",
        "string"
      ]
    },
    "user_id": {
      "type": [
        "null",
        "string"
      ]
    }
  },
  "type": [
    "null",
    "object"
  ]
}