{
  "additionalProperties": false,
  "properties": {
    "group_id": {
      "type": [
        "null",
        "string"
      ]
    },
    "id": {
      "type": [
        "null",
        "string"
      ]
    },
    "rank": {
      "type": [
        "null",
        "integer"
      ]
    },
    "user_attribute_id": {
      "type": [
        "null",
        "string"
      ]
    },
    "value": {
      "type": [
        "null",
        "string"
      ]
    },
    "value_is_hidden": {
      "type": [
        "null",
        "boolean"
      ]
    }
  },
  "type": [
    "null",
    "object"
  ]
}