{
  "additionalProperties": false,
  "properties": {
    "hidden_value_domain_whitelist": {
      "type": [
        "null",
        "string"
      ]
    },
    "label": {
      "type": [
        "null",
        "string"
      ]
    },
    "name": {
      "type": [
        "null",
        "string"
      ]
    },
    "rank": {
      "type": [
        "null",
        "integer"
      ]
    },
    "source": {
      "type": [
        "null",
        "string"
      ]
    },
    "user_attribute_id": {
      "type": [
        "null",
        "string"
      ]
    },
    "user_can_edit": {
      "type": [
        "null",
        "boolean"
      ]
    },
    "user_id": {
      "type": [
        "null",
        "string"
      ]
    },
    "value": {
      "type": [
        "null",
        "string"
      ]
    },
    "value_is_hidden": {
      "type": [
        "null",
        "boolean"
      ]
    }
  },
  "type": [
    "null",
    "object"
  ]
}