{
  "additionalProperties": false,
  "properties": {
    "browser": {
      "type": [
        "null",
        "string"
      ]
    },
    "city": {
      "type": [
        "null",
        "string"
      ]
    },
    "country": {
      "type": [
        "null",
        "string"
      ]
    },
    "created_at": {
      "type": [
        "null",
        "string"
      ]
    },
    "credentials_type": {
      "type": [
        "null",
        "string"
      ]
    },
    "expires_at": {
      "type": [
        "null",
        "string"
      ]
    },
    "extended_at": {
      "type": [
        "null",
        "string"
      ]
    },
    "extended_count": {
      "type": [
        "null",
        "integer"
      ]
    },
    "id": {
      "type": [
        "null",
        "string"
      ]
    },
    "ip_address": {
      "type": [
        "null",
        "string"
      ]
    },
    "operating_system": {
      "type": [
        "null",
        "string"
      ]
    },
    "state": {
      "type": [
        "null",
        "string"
      ]
    },
    "sudo_user_id": {
      "type": [
        "null",
        "string"
      ]
    },
    "url": {
      "type": [
        "null",
        "string"
      ]
    }
  },
  "type": [
    "null",
    "object"
  ]
}