{
  "additionalProperties": false,
  "properties": {
    "current_version": {
      "additionalProperties": false,
      "properties": {
        "full_version": {
          "type": [
            "null",
            "string"
          ]
        },
        "status": {
          "type": [
            "null",
            "string"
          ]
        },
        "swagger_url": {
          "type": [
            "null",
            "string"
          ]
        },
        "version": {
          "type": [
            "null",
            "string"
          ]
        }
      },
      "type": [
        "null",
        "object"
      ]
    },
    "looker_release_version": {
      "type": [
        "null",
        "string"
      ]
    },
    "supported_versions": {
      "items": {
        "additionalProperties": false,
        "properties": {
          "full_version": {
            "type": [
              "null",
              "string"
            ]
          },
          "status": {
            "type": [
              "null",
              "string"
            ]
          },
          "swagger_url": {
            "type": [
              "null",
              "string"
            ]
          },
          "version": {
            "type": [
              "null",
              "string"
            ]
          }
        },
        "type": [
          "null",
          "object"
        ]
      },
      "type": [
        "null",
        "array"
      ]
    }
  },
  "type": [
    "null",
    "object"
  ]
}